value,cdf,label
225.983400,0.003333,full
226.528100,0.006667,full
229.255800,0.010000,full
234.229200,0.013333,full
234.378400,0.016667,full
235.776300,0.020000,full
236.958900,0.023333,full
237.997700,0.026667,full
239.123900,0.030000,full
241.834100,0.033333,full
242.011900,0.036667,full
242.090800,0.040000,full
242.281500,0.043333,full
245.601500,0.046667,full
245.707000,0.050000,full
253.869400,0.053333,full
260.307500,0.056667,full
260.480600,0.060000,full
261.784100,0.063333,full
262.537800,0.066667,full
265.483200,0.070000,full
268.562200,0.073333,full
270.721600,0.076667,full
281.009800,0.080000,full
289.541100,0.083333,full
292.657400,0.086667,full
301.989700,0.090000,full
307.840100,0.093333,full
308.661600,0.096667,full
309.197000,0.100000,full
317.801500,0.103333,full
318.106300,0.106667,full
319.530600,0.110000,full
321.132700,0.113333,full
321.681900,0.116667,full
321.804700,0.120000,full
324.117300,0.123333,full
324.158300,0.126667,full
324.290800,0.130000,full
324.554900,0.133333,full
324.833600,0.136667,full
325.420300,0.140000,full
326.004200,0.143333,full
326.844000,0.146667,full
327.823600,0.150000,full
328.207400,0.153333,full
328.299600,0.156667,full
328.536300,0.160000,full
329.343100,0.163333,full
330.382400,0.166667,full
330.658600,0.170000,full
331.223100,0.173333,full
331.267200,0.176667,full
331.461000,0.180000,full
331.789400,0.183333,full
332.001500,0.186667,full
334.313100,0.190000,full
334.483000,0.193333,full
335.162500,0.196667,full
335.233000,0.200000,full
337.505300,0.203333,full
339.076100,0.206667,full
339.458500,0.210000,full
340.252900,0.213333,full
341.957200,0.216667,full
342.229600,0.220000,full
343.092900,0.223333,full
343.761300,0.226667,full
343.996400,0.230000,full
344.355800,0.233333,full
345.379000,0.236667,full
346.257500,0.240000,full
346.731700,0.243333,full
347.038800,0.246667,full
347.397500,0.250000,full
347.999100,0.253333,full
349.363700,0.256667,full
350.780200,0.260000,full
352.039100,0.263333,full
352.097100,0.266667,full
353.449500,0.270000,full
353.501600,0.273333,full
353.845700,0.276667,full
353.971800,0.280000,full
355.140100,0.283333,full
355.615100,0.286667,full
355.679100,0.290000,full
355.889200,0.293333,full
356.689300,0.296667,full
356.839300,0.300000,full
356.918900,0.303333,full
357.080700,0.306667,full
357.858700,0.310000,full
357.964000,0.313333,full
358.114100,0.316667,full
358.175600,0.320000,full
358.354200,0.323333,full
359.251900,0.326667,full
359.523900,0.330000,full
360.498700,0.333333,full
361.238400,0.336667,full
362.628300,0.340000,full
363.379500,0.343333,full
363.484300,0.346667,full
363.574500,0.350000,full
363.630100,0.353333,full
363.748800,0.356667,full
364.129100,0.360000,full
364.260800,0.363333,full
364.931300,0.366667,full
365.044700,0.370000,full
367.095900,0.373333,full
368.570700,0.376667,full
368.598300,0.380000,full
369.867400,0.383333,full
370.195800,0.386667,full
371.642100,0.390000,full
371.718300,0.393333,full
372.869200,0.396667,full
373.468000,0.400000,full
373.700000,0.403333,full
374.581900,0.406667,full
374.993000,0.410000,full
376.432700,0.413333,full
377.972400,0.416667,full
378.595400,0.420000,full
378.681300,0.423333,full
378.871600,0.426667,full
378.948100,0.430000,full
380.067800,0.433333,full
380.978300,0.436667,full
381.038800,0.440000,full
382.010100,0.443333,full
382.131600,0.446667,full
382.206900,0.450000,full
382.337400,0.453333,full
382.683500,0.456667,full
384.677300,0.460000,full
385.251300,0.463333,full
385.518500,0.466667,full
386.821700,0.470000,full
387.580300,0.473333,full
387.621700,0.476667,full
387.752600,0.480000,full
389.514200,0.483333,full
390.549400,0.486667,full
393.341400,0.490000,full
394.376300,0.493333,full
394.873800,0.496667,full
395.244700,0.500000,full
395.318300,0.503333,full
395.827900,0.506667,full
396.621300,0.510000,full
397.177300,0.513333,full
397.504800,0.516667,full
398.256200,0.520000,full
398.798800,0.523333,full
398.944500,0.526667,full
401.754900,0.530000,full
403.551300,0.533333,full
405.536200,0.536667,full
407.723000,0.540000,full
409.504800,0.543333,full
414.517800,0.546667,full
417.610500,0.550000,full
419.441700,0.553333,full
421.019700,0.556667,full
421.286600,0.560000,full
422.326300,0.563333,full
423.207000,0.566667,full
424.392200,0.570000,full
425.530200,0.573333,full
426.659500,0.576667,full
426.694200,0.580000,full
430.199100,0.583333,full
434.881000,0.586667,full
435.476200,0.590000,full
436.010300,0.593333,full
436.307200,0.596667,full
436.563300,0.600000,full
442.273300,0.603333,full
444.495400,0.606667,full
447.315600,0.610000,full
449.617000,0.613333,full
451.601000,0.616667,full
452.417900,0.620000,full
455.357600,0.623333,full
455.902200,0.626667,full
456.231300,0.630000,full
457.027300,0.633333,full
459.607600,0.636667,full
462.601100,0.640000,full
463.119100,0.643333,full
463.711000,0.646667,full
464.810800,0.650000,full
466.401700,0.653333,full
467.654100,0.656667,full
470.426300,0.660000,full
471.734800,0.663333,full
474.679800,0.666667,full
476.774600,0.670000,full
477.947200,0.673333,full
478.623900,0.676667,full
478.656400,0.680000,full
478.778900,0.683333,full
479.724800,0.686667,full
479.834500,0.690000,full
480.128000,0.693333,full
480.559400,0.696667,full
482.112900,0.700000,full
482.764800,0.703333,full
482.886800,0.706667,full
482.991600,0.710000,full
483.262200,0.713333,full
484.241000,0.716667,full
485.749500,0.720000,full
486.949700,0.723333,full
489.095700,0.726667,full
489.721300,0.730000,full
490.339000,0.733333,full
491.635000,0.736667,full
492.332500,0.740000,full
497.107400,0.743333,full
497.558300,0.746667,full
498.468100,0.750000,full
500.157800,0.753333,full
506.268400,0.756667,full
506.335000,0.760000,full
507.253800,0.763333,full
508.029000,0.766667,full
509.740800,0.770000,full
510.234700,0.773333,full
510.912700,0.776667,full
513.672200,0.780000,full
513.754100,0.783333,full
514.948400,0.786667,full
516.218700,0.790000,full
519.666500,0.793333,full
528.713400,0.796667,full
529.391500,0.800000,full
534.205100,0.803333,full
535.177700,0.806667,full
538.404000,0.810000,full
538.724800,0.813333,full
541.404200,0.816667,full
546.636300,0.820000,full
551.502200,0.823333,full
553.530700,0.826667,full
554.212300,0.830000,full
556.703700,0.833333,full
559.625200,0.836667,full
566.034800,0.840000,full
568.169600,0.843333,full
571.462300,0.846667,full
582.037500,0.850000,full
585.108500,0.853333,full
587.348700,0.856667,full
592.374500,0.860000,full
595.246800,0.863333,full
596.336600,0.866667,full
605.982300,0.870000,full
606.117600,0.873333,full
610.834100,0.876667,full
621.595700,0.880000,full
621.888200,0.883333,full
622.249700,0.886667,full
634.611300,0.890000,full
652.432300,0.893333,full
655.782000,0.896667,full
661.657600,0.900000,full
676.240300,0.903333,full
679.125800,0.906667,full
689.969000,0.910000,full
743.096700,0.913333,full
761.854900,0.916667,full
766.374500,0.920000,full
780.895200,0.923333,full
790.679100,0.926667,full
801.110500,0.930000,full
807.081000,0.933333,full
877.191400,0.936667,full
881.584600,0.940000,full
901.603800,0.943333,full
1005.406600,0.946667,full
1044.737400,0.950000,full
1078.921100,0.953333,full
1082.838800,0.956667,full
1100.499100,0.960000,full
1124.319600,0.963333,full
1124.629400,0.966667,full
1135.033200,0.970000,full
1182.013300,0.973333,full
1182.363100,0.976667,full
1186.155700,0.980000,full
1245.666500,0.983333,full
1316.396600,0.986667,full
1338.517700,0.990000,full
1403.603900,0.993333,full
1590.280900,0.996667,full
2241.373400,1.000000,full
